[
{
  "model": "webapp.article",
  "pk": 4,
  "fields": {
    "created_at": "2022-07-02T00:29:45.471Z",
    "updated_at": "2022-07-22T15:14:20.730Z",
    "title": "art1ww",
    "content": "lallaladddq",
    "author": 1,
    "status": "moderated",
    "tags": [
      2,
      3
    ]
  }
},
{
  "model": "webapp.article",
  "pk": 7,
  "fields": {
    "created_at": "2022-07-03T16:15:21.468Z",
    "updated_at": "2022-07-17T19:17:28.709Z",
    "title": "9999",
    "content": "bla",
    "author": 1,
    "status": "moderated",
    "tags": [
      2
    ]
  }
},
{
  "model": "webapp.article",
  "pk": 12,
  "fields": {
    "created_at": "2022-07-03T16:29:32.214Z",
    "updated_at": "2022-07-03T16:29:32.215Z",
    "title": "666",
    "content": "666",
    "author": 1,
    "status": "new",
    "tags": []
  }
},
{
  "model": "webapp.article",
  "pk": 38,
  "fields": {
    "created_at": "2022-07-17T19:07:45.619Z",
    "updated_at": "2022-07-17T19:07:45.619Z",
    "title": "test",
    "content": "4444",
    "author": 1,
    "status": "new",
    "tags": []
  }
},
{
  "model": "webapp.article",
  "pk": 39,
  "fields": {
    "created_at": "2022-07-17T19:07:58.133Z",
    "updated_at": "2022-07-22T13:44:41.354Z",
    "title": "123",
    "content": "555",
    "author": 1,
    "status": "new",
    "tags": []
  }
},
{
  "model": "webapp.article",
  "pk": 40,
  "fields": {
    "created_at": "2022-07-17T19:15:40.558Z",
    "updated_at": "2022-07-17T19:19:03.033Z",
    "title": "1111",
    "content": "4444",
    "author": 1,
    "status": "rejected",
    "tags": [
      1
    ]
  }
},
{
  "model": "webapp.article",
  "pk": 41,
  "fields": {
    "created_at": "2022-07-17T19:29:44.355Z",
    "updated_at": "2022-07-17T19:30:08.081Z",
    "title": "2222",
    "content": "444",
    "author": 1,
    "status": "moderated",
    "tags": []
  }
},
{
  "model": "webapp.article",
  "pk": 42,
  "fields": {
    "created_at": "2022-07-17T19:48:13.245Z",
    "updated_at": "2022-07-17T19:48:39.837Z",
    "title": "pppp",
    "content": "ttt",
    "author": 1,
    "status": "new",
    "tags": []
  }
},
{
  "model": "webapp.article",
  "pk": 43,
  "fields": {
    "created_at": "2022-07-18T00:23:03.427Z",
    "updated_at": "2022-07-18T00:29:59.431Z",
    "title": "bbbb",
    "content": "nnnn",
    "author": 1,
    "status": "new",
    "tags": [
      1,
      2,
      3
    ]
  }
},
{
  "model": "webapp.article",
  "pk": 44,
  "fields": {
    "created_at": "2022-07-19T00:20:05.364Z",
    "updated_at": "2022-07-19T04:22:01.922Z",
    "title": "uuuu",
    "content": "eee",
    "author": 1,
    "status": "moderated",
    "tags": [
      2,
      3
    ]
  }
},
{
  "model": "webapp.article",
  "pk": 45,
  "fields": {
    "created_at": "2022-07-19T04:36:06.364Z",
    "updated_at": "2022-07-19T04:38:09.277Z",
    "title": "ggg",
    "content": "dfgfdgd",
    "author": 1,
    "status": "rejected",
    "tags": [
      2,
      3
    ]
  }
},
{
  "model": "webapp.article",
  "pk": 46,
  "fields": {
    "created_at": "2022-07-19T04:46:09.474Z",
    "updated_at": "2022-07-19T04:46:09.474Z",
    "title": "bbbb",
    "content": "bbbb",
    "author": 1,
    "status": "new",
    "tags": [
      1,
      3
    ]
  }
},
{
  "model": "webapp.article",
  "pk": 47,
  "fields": {
    "created_at": "2022-07-19T04:48:47.758Z",
    "updated_at": "2022-07-19T04:53:21.350Z",
    "title": "bbbb66",
    "content": "bbbb",
    "author": 1,
    "status": "new",
    "tags": []
  }
},
{
  "model": "webapp.article",
  "pk": 48,
  "fields": {
    "created_at": "2022-07-19T04:57:50.165Z",
    "updated_at": "2022-07-19T04:57:50.165Z",
    "title": "kasdhkshksajhdjkh",
    "content": "asd",
    "author": 1,
    "status": "new",
    "tags": [
      1
    ]
  }
},
{
  "model": "webapp.article",
  "pk": 49,
  "fields": {
    "created_at": "2022-07-19T05:00:36.318Z",
    "updated_at": "2022-07-19T05:00:36.318Z",
    "title": "asdsadas",
    "content": "s",
    "author": 1,
    "status": "new",
    "tags": [
      1
    ]
  }
},
{
  "model": "webapp.article",
  "pk": 51,
  "fields": {
    "created_at": "2022-07-22T13:36:58.788Z",
    "updated_at": "2022-07-22T13:39:01.273Z",
    "title": "xxx",
    "content": "ggg",
    "author": 1,
    "status": "moderated",
    "tags": [
      2,
      3
    ]
  }
},
{
  "model": "webapp.article",
  "pk": 53,
  "fields": {
    "created_at": "2022-07-22T14:29:33.488Z",
    "updated_at": "2022-07-22T14:29:33.489Z",
    "title": "ggg",
    "content": "yy",
    "author": 1,
    "status": "moderated",
    "tags": [
      2
    ]
  }
},
{
  "model": "webapp.article",
  "pk": 54,
  "fields": {
    "created_at": "2022-07-22T14:30:54.805Z",
    "updated_at": "2022-07-22T14:30:54.805Z",
    "title": "ttt",
    "content": "fdbcv",
    "author": 1,
    "status": "moderated",
    "tags": [
      2
    ]
  }
},
{
  "model": "webapp.article",
  "pk": 55,
  "fields": {
    "created_at": "2022-07-22T14:37:02.059Z",
    "updated_at": "2022-07-22T14:37:02.059Z",
    "title": "www",
    "content": "cbvbc",
    "author": 1,
    "status": "new",
    "tags": [
      2
    ]
  }
},
{
  "model": "webapp.article",
  "pk": 57,
  "fields": {
    "created_at": "2022-07-22T15:15:25.426Z",
    "updated_at": "2022-07-22T15:17:59.846Z",
    "title": "sss",
    "content": "fffff",
    "author": 1,
    "status": "rejected",
    "tags": [
      3
    ]
  }
},
{
  "model": "webapp.article",
  "pk": 58,
  "fields": {
    "created_at": "2022-07-22T15:56:05.603Z",
    "updated_at": "2022-08-05T21:56:42.411Z",
    "title": "eee",
    "content": "sdvcxzvuuu",
    "author": 1,
    "status": "new",
    "tags": [
      2
    ]
  }
},
{
  "model": "webapp.article",
  "pk": 59,
  "fields": {
    "created_at": "2022-07-22T15:56:42.120Z",
    "updated_at": "2022-07-22T15:56:42.120Z",
    "title": "fff",
    "content": "46w5ygta",
    "author": 1,
    "status": "new",
    "tags": [
      1,
      2,
      3
    ]
  }
},
{
  "model": "webapp.article",
  "pk": 60,
  "fields": {
    "created_at": "2022-07-24T01:34:38.677Z",
    "updated_at": "2022-08-05T22:14:15.056Z",
    "title": "rrr",
    "content": "fzxbxbBB",
    "author": 1,
    "status": "new",
    "tags": [
      1
    ]
  }
},
{
  "model": "webapp.article",
  "pk": 61,
  "fields": {
    "created_at": "2022-07-24T01:35:28.517Z",
    "updated_at": "2022-07-24T01:35:28.517Z",
    "title": "ffsdf",
    "content": "svd sadf sdF23",
    "author": 1,
    "status": "rejected",
    "tags": [
      3
    ]
  }
},
{
  "model": "webapp.article",
  "pk": 62,
  "fields": {
    "created_at": "2022-07-24T01:43:17.409Z",
    "updated_at": "2022-07-26T13:23:28.010Z",
    "title": "mkmkm",
    "content": "66666",
    "author": 1,
    "status": "moderated",
    "tags": [
      2,
      3
    ]
  }
},
{
  "model": "webapp.article",
  "pk": 64,
  "fields": {
    "created_at": "2022-08-06T22:37:21.839Z",
    "updated_at": "2022-08-06T22:37:21.839Z",
    "title": "oooo",
    "content": "cas",
    "author": 1,
    "status": "new",
    "tags": [
      3
    ]
  }
},
{
  "model": "webapp.article",
  "pk": 65,
  "fields": {
    "created_at": "2022-08-09T23:24:41.734Z",
    "updated_at": "2022-08-09T23:24:41.734Z",
    "title": "sdf",
    "content": "cxv",
    "author": 1,
    "status": "new",
    "tags": [
      2
    ]
  }
},
{
  "model": "webapp.article",
  "pk": 66,
  "fields": {
    "created_at": "2022-08-09T23:26:25.027Z",
    "updated_at": "2022-08-10T00:53:38.973Z",
    "title": "mmm",
    "content": "ghfdhgfhgf",
    "author": 4,
    "status": "new",
    "tags": [
      1
    ]
  }
},
{
  "model": "webapp.article",
  "pk": 67,
  "fields": {
    "created_at": "2022-08-09T23:37:56.515Z",
    "updated_at": "2022-08-09T23:37:56.515Z",
    "title": "plp",
    "content": "sdfsd",
    "author": 4,
    "status": "new",
    "tags": [
      3
    ]
  }
},
{
  "model": "webapp.article",
  "pk": 68,
  "fields": {
    "created_at": "2022-08-09T23:38:33.625Z",
    "updated_at": "2022-08-09T23:38:33.625Z",
    "title": "klajsd",
    "content": "sdaf",
    "author": 1,
    "status": "rejected",
    "tags": [
      3
    ]
  }
},
{
  "model": "webapp.article",
  "pk": 69,
  "fields": {
    "created_at": "2022-08-10T01:51:28.995Z",
    "updated_at": "2022-08-10T01:51:35.429Z",
    "title": "wwwq",
    "content": "jhkhf",
    "author": 3,
    "status": "moderated",
    "tags": [
      2
    ]
  }
},
{
  "model": "webapp.comment",
  "pk": 5,
  "fields": {
    "created_at": "2022-07-24T02:27:23.522Z",
    "updated_at": "2022-07-24T02:27:23.522Z",
    "text": "gggTTusakuD",
    "author": 1,
    "article": 61
  }
},
{
  "model": "webapp.comment",
  "pk": 6,
  "fields": {
    "created_at": "2022-07-24T02:27:31.757Z",
    "updated_at": "2022-08-05T22:14:04.209Z",
    "text": "KAJHSDJKPP",
    "author": 1,
    "article": 61
  }
},
{
  "model": "webapp.comment",
  "pk": 7,
  "fields": {
    "created_at": "2022-07-24T02:32:38.894Z",
    "updated_at": "2022-07-24T02:32:38.894Z",
    "text": "dskjhfdkjs",
    "author": 1,
    "article": 60
  }
},
{
  "model": "webapp.comment",
  "pk": 8,
  "fields": {
    "created_at": "2022-07-24T02:33:30.978Z",
    "updated_at": "2022-07-24T02:33:30.978Z",
    "text": "dskjhfdkjs",
    "author": 1,
    "article": 60
  }
},
{
  "model": "webapp.comment",
  "pk": 9,
  "fields": {
    "created_at": "2022-07-24T02:33:42.660Z",
    "updated_at": "2022-07-24T02:33:42.660Z",
    "text": "sdfsda",
    "author": 1,
    "article": 59
  }
},
{
  "model": "webapp.comment",
  "pk": 10,
  "fields": {
    "created_at": "2022-07-24T02:34:00.288Z",
    "updated_at": "2022-07-24T02:34:00.288Z",
    "text": "mika",
    "author": 1,
    "article": 4
  }
},
{
  "model": "webapp.comment",
  "pk": 11,
  "fields": {
    "created_at": "2022-07-24T02:35:38.823Z",
    "updated_at": "2022-07-24T02:35:38.824Z",
    "text": "test44",
    "author": 1,
    "article": 62
  }
},
{
  "model": "webapp.comment",
  "pk": 12,
  "fields": {
    "created_at": "2022-07-24T02:37:34.947Z",
    "updated_at": "2022-07-26T13:32:52.063Z",
    "text": "test778",
    "author": 1,
    "article": 62
  }
},
{
  "model": "webapp.comment",
  "pk": 13,
  "fields": {
    "created_at": "2022-07-26T14:15:22.083Z",
    "updated_at": "2022-07-26T14:15:22.084Z",
    "text": "testcccc",
    "author": 1,
    "article": 62
  }
},
{
  "model": "webapp.comment",
  "pk": 14,
  "fields": {
    "created_at": "2022-08-05T22:14:20.112Z",
    "updated_at": "2022-08-05T22:14:20.112Z",
    "text": "LL",
    "author": 1,
    "article": 60
  }
},
{
  "model": "webapp.comment",
  "pk": 15,
  "fields": {
    "created_at": "2022-08-06T22:37:31.812Z",
    "updated_at": "2022-08-06T22:37:31.812Z",
    "text": "mimo",
    "author": 1,
    "article": 64
  }
},
{
  "model": "webapp.comment",
  "pk": 16,
  "fields": {
    "created_at": "2022-08-09T23:24:49.391Z",
    "updated_at": "2022-08-09T23:24:49.391Z",
    "text": "cxvcx",
    "author": 1,
    "article": 65
  }
},
{
  "model": "webapp.comment",
  "pk": 17,
  "fields": {
    "created_at": "2022-08-09T23:25:00.010Z",
    "updated_at": "2022-08-09T23:25:00.010Z",
    "text": "cxvcxvx",
    "author": 1,
    "article": 64
  }
},
{
  "model": "webapp.comment",
  "pk": 18,
  "fields": {
    "created_at": "2022-08-09T23:26:36.306Z",
    "updated_at": "2022-08-09T23:26:36.306Z",
    "text": "vcbvcz",
    "author": 1,
    "article": 65
  }
},
{
  "model": "webapp.comment",
  "pk": 19,
  "fields": {
    "created_at": "2022-08-09T23:31:47.531Z",
    "updated_at": "2022-08-09T23:31:47.531Z",
    "text": "dfzgd",
    "author": 3,
    "article": 66
  }
},
{
  "model": "webapp.comment",
  "pk": 20,
  "fields": {
    "created_at": "2022-08-09T23:38:05.625Z",
    "updated_at": "2022-08-09T23:38:05.625Z",
    "text": "xcvcx",
    "author": 4,
    "article": 67
  }
},
{
  "model": "webapp.comment",
  "pk": 21,
  "fields": {
    "created_at": "2022-08-10T01:50:53.012Z",
    "updated_at": "2022-08-10T01:50:53.012Z",
    "text": "yrtyt",
    "author": 4,
    "article": 65
  }
},
{
  "model": "webapp.comment",
  "pk": 22,
  "fields": {
    "created_at": "2022-08-10T01:51:43.681Z",
    "updated_at": "2022-08-10T01:51:43.681Z",
    "text": "vbnvb",
    "author": 3,
    "article": 68
  }
},
{
  "model": "webapp.comment",
  "pk": 23,
  "fields": {
    "created_at": "2022-08-10T01:51:53.086Z",
    "updated_at": "2022-08-10T01:51:53.086Z",
    "text": "cvbcv",
    "author": 3,
    "article": 66
  }
},
{
  "model": "webapp.tag",
  "pk": 1,
  "fields": {
    "created_at": "2022-07-17T23:20:07.106Z",
    "updated_at": "2022-07-17T23:20:07.114Z",
    "name": "YTrasss"
  }
},
{
  "model": "webapp.tag",
  "pk": 2,
  "fields": {
    "created_at": "2022-07-17T23:20:16.834Z",
    "updated_at": "2022-07-17T23:20:16.834Z",
    "name": "NNN"
  }
},
{
  "model": "webapp.tag",
  "pk": 3,
  "fields": {
    "created_at": "2022-07-17T23:41:20.619Z",
    "updated_at": "2022-07-17T23:41:20.619Z",
    "name": "xxx"
  }
}
]
